ratio,transmission,normalized,ymin,ymax,voltage,d_preciptator_nm,z_140nm,zstar,legend,legend2,legend3
0.008203579717886,0.921674974191012,0.969407684681498,0.897636059149015,1.04117931021398,11,11.3183305821917,1.38211998310773E-08,1.68477668364003E-06,"150 nm, qc = 1 L/min",150 nm,qc = 1 L/min
0.017152939409807,0.884019011499262,0.929801553854844,0.858567786296457,1.00103532141323,23,16.4791681756383,1.38211998310773E-08,8.0576276175586E-07,"150 nm, qc = 1 L/min",150 nm,qc = 1 L/min
0.045492578434705,0.792098155303987,0.833120199935674,0.767630281449182,0.898610118422167,61,27.2263815668348,1.38211998310773E-08,3.03812188858777E-07,"150 nm, qc = 1 L/min",150 nm,qc = 1 L/min
0.064137077794343,0.750187435484607,0.789038961970955,0.727452534660619,0.850625389281292,86,32.5604919442413,1.38211998310773E-08,2.15494692093634E-07,"150 nm, qc = 1 L/min",150 nm,qc = 1 L/min
0.107392316306775,0.629542799799563,0.662146250089161,0.608464468235005,0.715828031943316,144,42.7137525991308,1.38211998310773E-08,1.28698218889291E-07,"150 nm, qc = 1 L/min",150 nm,qc = 1 L/min
0.159596914508755,0.540489197779235,0.568480642836617,0.521569331711893,0.61539195396134,214,52.7827234842506,1.38211998310773E-08,8.66006706559421E-08,"150 nm, qc = 1 L/min",150 nm,qc = 1 L/min
0.218513532481768,0.429877858734276,0.452140842922649,0.417245022719846,0.487036663125452,293,62.5819889301251,1.38211998310773E-08,6.32510017759678E-08,"150 nm, qc = 1 L/min",150 nm,qc = 1 L/min
0.28265061027512,0.350075248422465,0.368205327843902,0.334884265042904,0.401526390644901,379,72.0901952684073,1.38211998310773E-08,4.88985317159737E-08,"150 nm, qc = 1 L/min",150 nm,qc = 1 L/min
0.351262367919711,0.277725628985399,0.292108787273693,0.264421326481467,0.319796248065919,471,81.366668262644,1.38211998310773E-08,3.93472261572763E-08,"150 nm, qc = 1 L/min",150 nm,qc = 1 L/min
0.423603025425993,0.206050077713041,0.216721224246721,0.19478836974229,0.238654078751153,568,90.4351529493867,1.38211998310773E-08,3.26277174653748E-08,"150 nm, qc = 1 L/min",150 nm,qc = 1 L/min
0.498926802840579,0.152821589480279,0.160736080913401,0.143576274070996,0.177895887755805,669,99.3002361754895,1.38211998310773E-08,2.77018587744494E-08,"150 nm, qc = 1 L/min",150 nm,qc = 1 L/min
0.577233700147891,0.115759340366954,0.121754411552602,0.107517195828819,0.135991627276384,774,108.036150292081,1.38211998310773E-08,2.39438546771198E-08,"150 nm, qc = 1 L/min",150 nm,qc = 1 L/min
0.657777937377444,0.068602773288453,0.072155648659834,0.062299992737599,0.082011304582069,882,116.618082987241,1.38211998310773E-08,2.10119541044236E-08,"150 nm, qc = 1 L/min",150 nm,qc = 1 L/min
0.739067954572975,0.045177793553373,0.047517510482516,0.03999382028213,0.055041200682903,991,124.944099098024,1.38211998310773E-08,1.87008511809486E-08,"150 nm, qc = 1 L/min",150 nm,qc = 1 L/min
0.780831633136703,0.03015952465759,0.031721459069745,0.02570692650356,0.03773599163593,1047,129.110560623974,1.38211998310773E-08,1.77006146325754E-08,"150 nm, qc = 1 L/min",150 nm,qc = 1 L/min
0.822595311700161,0.022093401145009,0.02323759834048,0.01826726228457,0.028207934396391,1103,133.210336215584,1.38211998310773E-08,1.680194335476E-08,"150 nm, qc = 1 L/min",150 nm,qc = 1 L/min
0.865104770237771,0.017795228773026,0.018716827521956,0.014386724606607,0.023046930437304,1160,137.320612209873,1.38211998310773E-08,1.59763306209473E-08,"150 nm, qc = 1 L/min",150 nm,qc = 1 L/min
0.907614228775113,0.009160199441521,0.009634597857689,0.006834502264673,0.012434693450705,1217,141.372761419548,1.38211998310773E-08,1.52280554809392E-08,"150 nm, qc = 1 L/min",150 nm,qc = 1 L/min
0.992633145858818,0.004189929971005,0.004406922641829,0.002397261977623,0.006416583306035,1331,149.320396137966,1.38211998310773E-08,1.39237742450352E-08,"150 nm, qc = 1 L/min",150 nm,qc = 1 L/min
1.0791436228748,0.002635726240978,0.002772228111069,0.001424808046681,0.004119648175456,1447,157.218666667034,1.38211998310773E-08,1.28075629027563E-08,"150 nm, qc = 1 L/min",150 nm,qc = 1 L/min
1.166399879883,0.000790260015692,0.000831186864742,0.000132333775785,0.001530039953698,1564,165.018211279066,1.38211998310773E-08,1.18494523785991E-08,"150 nm, qc = 1 L/min",150 nm,qc = 1 L/min
0,0.950760953059529,1,1,1,0,0,1.38211998310773E-08,0,"150 nm, qc = 1 L/min",150 nm,qc = 1 L/min
0.016700035202806,0.864697576670337,0.982376845464762,0.941471279542858,1.02328241138667,20,15.343638135946,1.54747064591103E-08,9.2662717600203E-07,"140 nm, qc = 1 L/min",140 nm,qc = 1 L/min
0.033400070405594,0.828539422120057,0.941297819961175,0.90022247732157,0.982373162600779,40,21.8899394359127,1.54747064591103E-08,4.63313588001262E-07,"140 nm, qc = 1 L/min",140 nm,qc = 1 L/min
0.050100105608405,0.788780224719603,0.896127674959878,0.858201695799175,0.934053654120582,60,26.9938558432839,1.54747064591103E-08,3.08875725334087E-07,"140 nm, qc = 1 L/min",140 nm,qc = 1 L/min
0.066800140809987,0.729360676568906,0.828621543514482,0.79133825759202,0.865904829436944,80,31.3531168028668,1.54747064591103E-08,2.31656794004792E-07,"140 nm, qc = 1 L/min",140 nm,qc = 1 L/min
0.083500176013944,0.684383507511304,0.777523297550983,0.742736756497307,0.812309838604659,100,35.2377470663081,1.54747064591103E-08,1.85325435200593E-07,"140 nm, qc = 1 L/min",140 nm,qc = 1 L/min
0.100200211215049,0.653120772086215,0.742005923342813,0.709191381912599,0.774820464773027,120,38.7861165296249,1.54747064591103E-08,1.54437862669756E-07,"140 nm, qc = 1 L/min",140 nm,qc = 1 L/min
0.116900246419462,0.601657481021421,0.683538839708621,0.651566726159298,0.715510953257945,140,42.0803559677809,1.54747064591103E-08,1.32375310857634E-07,"140 nm, qc = 1 L/min",140 nm,qc = 1 L/min
0.133600281622277,0.559566637520469,0.635719727943977,0.606291642168946,0.665147813719008,160,45.1739346392716,1.54747064591103E-08,1.15828397000399E-07,"140 nm, qc = 1 L/min",140 nm,qc = 1 L/min
0.15030031682261,0.522008285195824,0.593049947580286,0.564757893692467,0.621342001468105,180,48.1039623454829,1.54747064591103E-08,1.02958575113146E-07,"140 nm, qc = 1 L/min",140 nm,qc = 1 L/min
0.16700035202784,0.482585700778024,0.548262226225087,0.521785750659756,0.574738701790417,200,50.8974366604709,1.54747064591103E-08,9.26627176003232E-08,"140 nm, qc = 1 L/min",140 nm,qc = 1 L/min
0.183700387227741,0.441642039035013,0.501746419600813,0.477210084777428,0.526282754424199,220,53.5747220908064,1.54747064591103E-08,8.42388341834343E-08,"140 nm, qc = 1 L/min",140 nm,qc = 1 L/min
0.200400422430328,0.41399158182251,0.4703329293067,0.446579117643768,0.494086740969633,240,56.1516270332147,1.54747064591103E-08,7.72189313347895E-08,"140 nm, qc = 1 L/min",140 nm,qc = 1 L/min
0.217100457632654,0.391308770448418,0.44456314656976,0.421754651388273,0.467371641751247,260,58.6407128873231,1.54747064591103E-08,7.12790135398719E-08,"140 nm, qc = 1 L/min",140 nm,qc = 1 L/min
0.250500528037775,0.347502888929497,0.394795592154875,0.374558443594102,0.415032740715647,300,63.3943367717211,1.54747064591103E-08,6.17751450678651E-08,"140 nm, qc = 1 L/min",140 nm,qc = 1 L/min
0.275550580845567,0.307855699783932,0.349752698945503,0.330748697006839,0.368756700884168,330,66.7927452281831,1.54747064591103E-08,5.61592227881499E-08,"140 nm, qc = 1 L/min",140 nm,qc = 1 L/min
0.300600633645503,0.280102331519797,0.31822229212821,0.300635892887302,0.335808691369118,360,70.070084272973,1.54747064591103E-08,5.14792875565245E-08,"140 nm, qc = 1 L/min",140 nm,qc = 1 L/min
0.325650686449245,0.245786305914165,0.279236096384307,0.263139493265186,0.295332699503428,390,73.2416668397323,1.54747064591103E-08,4.75193423598761E-08,"140 nm, qc = 1 L/min",140 nm,qc = 1 L/min
0.350700739258055,0.220358419038184,0.250347652643953,0.235466458576094,0.265228846711812,420,76.3198931610774,1.54747064591103E-08,4.41251036192531E-08,"140 nm, qc = 1 L/min",140 nm,qc = 1 L/min
0.375750792056777,0.18702966046283,0.212483084041148,0.199279416033306,0.22568675204899,450,79.3149700294599,1.54747064591103E-08,4.11834300452308E-08,"140 nm, qc = 1 L/min",140 nm,qc = 1 L/min
0.40080084486073,0.172976482431545,0.196517367152836,0.184093766784432,0.208940967521239,480,82.2354168124156,1.54747064591103E-08,3.86094656673877E-08,"140 nm, qc = 1 L/min",140 nm,qc = 1 L/min
0.42585089766441,0.154793847030718,0.175860202741572,0.164074553288749,0.187645852194396,510,85.0884307119701,1.54747064591103E-08,3.63383206281395E-08,"140 nm, qc = 1 L/min",140 nm,qc = 1 L/min
0.450900950474385,0.133982525929735,0.152216606963424,0.141579467328235,0.162853746598613,540,87.880156352251,1.54747064591103E-08,3.43195250372164E-08,"140 nm, qc = 1 L/min",140 nm,qc = 1 L/min
0.475951003272623,0.116222605700547,0.132039686290605,0.122193060351802,0.141886312229409,570,90.6158886238895,1.54747064591103E-08,3.25132342461866E-08,"140 nm, qc = 1 L/min",140 nm,qc = 1 L/min
0.501001056082453,0.102591213321383,0.116553157120141,0.107977996778321,0.12512831746196,600,93.3002279404162,1.54747064591103E-08,3.08875725335069E-08,"140 nm, qc = 1 L/min",140 nm,qc = 1 L/min
0.526051108880041,0.097047994342919,0.110255544959884,0.101836059572216,0.118675030347552,630,95.9372008505268,1.54747064591103E-08,2.94167357465625E-08,"140 nm, qc = 1 L/min",140 nm,qc = 1 L/min
0.551101161691422,0.074019608118315,0.084093157061698,0.07710802293559,0.091078291187807,660,98.5303550345091,1.54747064591103E-08,2.80796113940603E-08,"140 nm, qc = 1 L/min",140 nm,qc = 1 L/min
0.576151214495115,0.064745024820828,0.073556368098013,0.066740577810028,0.080372158385998,690,101.082835000796,1.54747064591103E-08,2.68587587247749E-08,"140 nm, qc = 1 L/min",140 nm,qc = 1 L/min
0.601201267298974,0.052309024854174,0.059427915854068,0.053181794022086,0.06567403768605,720,103.597443096011,1.54747064591103E-08,2.57396437779211E-08,"140 nm, qc = 1 L/min",140 nm,qc = 1 L/min
0.626251320102982,0.042098403412263,0.047827700526804,0.042404260298538,0.05325114075507,750,106.076689143173,1.54747064591103E-08,2.47100580268089E-08,"140 nm, qc = 1 L/min",140 nm,qc = 1 L/min
0.651301372907137,0.032151698209002,0.036527318585208,0.032113798844395,0.040940838326021,780,108.522831206238,1.54747064591103E-08,2.37596711796226E-08,"140 nm, qc = 1 L/min",140 nm,qc = 1 L/min
0.684701443312052,0.025443244673229,0.028905891625973,0.025249514674581,0.032562268577366,820,111.736357072714,1.54747064591103E-08,2.26006628294162E-08,"140 nm, qc = 1 L/min",140 nm,qc = 1 L/min
0.709751496116511,0.020653497501476,0.023464293494892,0.019937284368622,0.026991302621162,850,114.112865400193,1.54747064591103E-08,2.18029923766023E-08,"140 nm, qc = 1 L/min",140 nm,qc = 1 L/min
0.768201619326659,0.008724863938995,0.009912256660304,0.00766566322836,0.012158850092248,920,119.555606999279,1.54747064591103E-08,2.01440690435854E-08,"140 nm, qc = 1 L/min",140 nm,qc = 1 L/min
0.835001760128358,0.00485973129809,0.005521106605627,0.003921754705897,0.007120458505357,1000,125.61846064476,1.54747064591103E-08,1.85325435203053E-08,"140 nm, qc = 1 L/min",140 nm,qc = 1 L/min
0,0.880209647308257,1,1,1,0,0,1.54747064591103E-08,0,"140 nm, qc = 1 L/min",140 nm,qc = 1 L/min
0.036129883851562,0.588893437244671,0.946040399225718,0.880930572336506,1.01115022611493,30,22.7945362583251,1.54747064591103E-08,4.28307672471008E-07,"140 nm, qc = 0.8 L/min",140 nm,qc = 0.8 L/min
0.072259767703129,0.521303866405295,0.837459694235095,0.779319212630801,0.895600175839389,60,32.6669494630515,1.54747064591103E-08,2.14153836235489E-07,"140 nm, qc = 0.8 L/min",140 nm,qc = 0.8 L/min
0.108389651554753,0.436232376011354,0.700794787403109,0.650262116671725,0.751327458134493,90,40.4295103541486,1.54747064591103E-08,1.42769224156914E-07,"140 nm, qc = 0.8 L/min",140 nm,qc = 0.8 L/min
0.144519535406314,0.382592980851536,0.614624639118476,0.569287384896671,0.659961893340281,120,47.1063804929845,1.54747064591103E-08,1.07076918117702E-07,"140 nm, qc = 0.8 L/min",140 nm,qc = 0.8 L/min
0.180649419260923,0.326564157976105,0.524615943811524,0.485091305866354,0.564140581756694,150,53.0935125639322,1.54747064591103E-08,8.56615344927253E-08,"140 nm, qc = 0.8 L/min",140 nm,qc = 0.8 L/min
0.216779303109488,0.271111193533648,0.435532348543684,0.402009451390667,0.469055245696701,180,58.5936075016337,1.54747064591103E-08,7.13846120784628E-08,"140 nm, qc = 0.8 L/min",140 nm,qc = 0.8 L/min
0.252909186965229,0.249164620402971,0.400275808916878,0.369817149968057,0.430734467865698,210,63.7268635359723,1.54747064591103E-08,6.11868103519619E-08,"140 nm, qc = 0.8 L/min",140 nm,qc = 0.8 L/min
0.28903907081714,0.207018822633731,0.332569794847761,0.30596232395714,0.359177265738383,240,68.5714566973905,1.54747064591103E-08,5.35384590580157E-08,"140 nm, qc = 0.8 L/min",140 nm,qc = 0.8 L/min
0.3251689546645,0.1690615029712,0.271592450601761,0.248357951686436,0.294826949517086,270,73.1815911299602,1.54747064591103E-08,4.75897413856027E-08,"140 nm, qc = 0.8 L/min",140 nm,qc = 0.8 L/min
0.361298838521318,0.158025216822554,0.253862973766553,0.230577998537026,0.277147948996081,300,77.5966616171465,1.54747064591103E-08,4.28307672464252E-08,"140 nm, qc = 0.8 L/min",140 nm,qc = 0.8 L/min
0.397428722373223,0.127950822118197,0.205549322139358,0.186286869773326,0.224811774505389,330,81.8463542272899,1.54747064591103E-08,3.8937061133136E-08,"140 nm, qc = 0.8 L/min",140 nm,qc = 0.8 L/min
0.433558606225681,0.102837170503965,0.165204961858648,0.148508156675553,0.181901767041744,360,85.9536900163754,1.54747064591103E-08,3.56923060386794E-08,"140 nm, qc = 0.8 L/min",140 nm,qc = 0.8 L/min
0.469688490070997,0.093857131520441,0.15077878705734,0.135740808778824,0.165816765335855,390,89.9369427168308,1.54747064591103E-08,3.29467440361828E-08,"140 nm, qc = 0.8 L/min",140 nm,qc = 0.8 L/min
0.505818373922913,0.071251864412559,0.114464074467905,0.101693492729726,0.127234656206084,420,93.8109010478764,1.54747064591103E-08,3.05934051764373E-08,"140 nm, qc = 0.8 L/min",140 nm,qc = 0.8 L/min
0.541948257774386,0.051118115658076,0.08211978515349,0.072129987749662,0.092109582557318,450,97.5877301158174,1.54747064591103E-08,2.85538448313501E-08,"140 nm, qc = 0.8 L/min",140 nm,qc = 0.8 L/min
0.578078141633695,0.050006145714393,0.080333437364711,0.070783857624114,0.089883017105307,480,101.277577290614,1.54747064591103E-08,2.67692295290349E-08,"140 nm, qc = 0.8 L/min",140 nm,qc = 0.8 L/min
0.614208025478419,0.031448809697478,0.050521609852844,0.043784923416428,0.05725829628926,510,104.889009455049,1.54747064591103E-08,2.51945689688062E-08,"140 nm, qc = 0.8 L/min",140 nm,qc = 0.8 L/min
0.650337909337843,0.022494345652681,0.036136520456318,0.030264571450015,0.042008469462622,540,108.429335655263,1.54747064591103E-08,2.37948706924778E-08,"140 nm, qc = 0.8 L/min",140 nm,qc = 0.8 L/min
0.722597677033405,0.010232917912131,0.016438888828735,0.012764772488239,0.02011300516923,600,115.321016433285,1.54747064591103E-08,2.14153836234862E-08,"140 nm, qc = 0.8 L/min",140 nm,qc = 0.8 L/min
0.758727560885471,0.005798957309957,0.009315858424698,0.006744606345898,0.011887110503498,630,118.68261491301,1.54747064591103E-08,2.03956034509286E-08,"140 nm, qc = 0.8 L/min",140 nm,qc = 0.8 L/min
0.818944033970519,0.003723605962654,0.005981866070627,0.004003692628147,0.007960039513107,680,124.17522510737,1.54747064591103E-08,1.8895926726621E-08,"140 nm, qc = 0.8 L/min",140 nm,qc = 0.8 L/min
0,0.622482335560561,1,1,1,0,0,1.54747064591103E-08,0,"140 nm, qc = 0.8 L/min",140 nm,qc = 0.8 L/min
0.044533427207474,0.359210137881241,0.999247972461593,0.891180925134202,1.10731501978898,20,25.3954665999956,1.54747064591103E-08,3.47485191000821E-07,"140 nm, qc = 0.6 L/min",140 nm,qc = 0.6 L/min
0.089066854413383,0.318928345839136,0.887192396127885,0.789738826536994,0.984645965718775,40,36.4530512151024,1.54747064591103E-08,1.73742595503464E-07,"140 nm, qc = 0.6 L/min",140 nm,qc = 0.6 L/min
0.133600281622277,0.248630613368331,0.691638709769169,0.612639969483818,0.77063745005452,60,45.1739346392716,1.54747064591103E-08,1.15828397000399E-07,"140 nm, qc = 0.6 L/min",140 nm,qc = 0.6 L/min
0.178133708829598,0.21981582524817,0.611481955909676,0.542683642791665,0.680280269027687,80,52.6941506584453,1.54747064591103E-08,8.68712977503511E-08,"140 nm, qc = 0.6 L/min",140 nm,qc = 0.6 L/min
0.222667136033565,0.18701577790531,0.520239038888128,0.458877086247842,0.581600991528414,100,59.4527080364316,1.54747064591103E-08,6.94970382013522E-08,"140 nm, qc = 0.6 L/min",140 nm,qc = 0.6 L/min
0.267200563244353,0.164303145689437,0.457057214942835,0.403613311806175,0.510501118079494,120,65.6742525584421,1.54747064591103E-08,5.79141985002436E-08,"140 nm, qc = 0.6 L/min",140 nm,qc = 0.6 L/min
0.311733990451819,0.123135233552728,0.34253663661026,0.300540645128679,0.384532628091841,140,71.4919378377703,1.54747064591103E-08,4.96407415716255E-08,"140 nm, qc = 0.6 L/min",140 nm,qc = 0.6 L/min
0.356267417654064,0.097838620561452,0.272166715007336,0.23576628813099,0.308567141883682,160,76.9923281102392,1.54747064591103E-08,4.34356488758012E-08,"140 nm, qc = 0.6 L/min",140 nm,qc = 0.6 L/min
0.40080084486073,0.087688592680799,0.243931446259091,0.209378609203583,0.278484283314599,180,82.2354168124156,1.54747064591103E-08,3.86094656673877E-08,"140 nm, qc = 0.6 L/min",140 nm,qc = 0.6 L/min
0.445334272067947,0.067313254903731,0.187251489835682,0.161405013019428,0.213097966651935,200,87.2647864123878,1.54747064591103E-08,3.47485191006123E-08,"140 nm, qc = 0.6 L/min",140 nm,qc = 0.6 L/min
0.556667840091731,0.037070123672282,0.103121382199615,0.085139780105688,0.121102984293543,250,99.1009842188309,1.54747064591103E-08,2.77988152801504E-08,"140 nm, qc = 0.6 L/min",140 nm,qc = 0.6 L/min
0.623467980902802,0.026942731583944,0.074949081522676,0.059675396081136,0.090222766964215,280,105.802891429376,1.54747064591103E-08,2.48203707858461E-08,"140 nm, qc = 0.6 L/min",140 nm,qc = 0.6 L/min
0.712534835316717,0.012838332803173,0.035713574508299,0.026088184983928,0.045338964032669,320,114.375226651183,1.54747064591103E-08,2.17178244376388E-08,"140 nm, qc = 0.6 L/min",140 nm,qc = 0.6 L/min
0.823868403325639,0.003990325939729,0.01110025771615,0.005442070985021,0.016758444447279,370,124.618735624126,1.54747064591103E-08,1.87829832976297E-08,"140 nm, qc = 0.6 L/min",140 nm,qc = 0.6 L/min
0.890668544146016,0.001171726528072,0.00325949975789,0.00084884811639,0.00567015139939,400,130.557657409294,1.54747064591103E-08,1.73742595501087E-08,"140 nm, qc = 0.6 L/min",140 nm,qc = 0.6 L/min
1.00200211215288,0.000144279324773,0.000401355105392,-0.000405479303632,0.001208189514417,450,140.170027191223,1.54747064591103E-08,1.54437862669388E-08,"140 nm, qc = 0.6 L/min",140 nm,qc = 0.6 L/min
0,0.359480477099539,1,1,1,0,0,1.54747064591103E-08,0,"140 nm, qc = 0.6 L/min",140 nm,qc = 0.6 L/min
0.057608285234017,0.348977567430726,0.944132450138652,0.836448185758357,1.05181671451895,20,25.3954665999956,2.00180259977721E-08,3.47485191000821E-07,"120 nm, qc = 0.6 L/min",120 nm,qc = 0.6 L/min
0.115216570466009,0.284127598278471,0.768685756765479,0.678536468446005,0.858835045084954,40,36.4530512151024,2.00180259977721E-08,1.73742595503464E-07,"120 nm, qc = 0.6 L/min",120 nm,qc = 0.6 L/min
0.172824855701862,0.200416942978764,0.542212901582566,0.474466273526852,0.60995952963828,60,45.1739346392716,2.00180259977721E-08,1.15828397000399E-07,"120 nm, qc = 0.6 L/min",120 nm,qc = 0.6 L/min
0.23043314093568,0.196208386954728,0.530826971135023,0.461836064094622,0.599817878175424,80,52.6941506584453,2.00180259977721E-08,8.68712977503511E-08,"120 nm, qc = 0.6 L/min",120 nm,qc = 0.6 L/min
0.28804142616516,0.124508709578647,0.336848909526039,0.287144933413292,0.386552885638784,100,59.4527080364316,2.00180259977721E-08,6.94970382013522E-08,"120 nm, qc = 0.6 L/min",120 nm,qc = 0.6 L/min
0.345649711403463,0.107650017897228,0.291238992531962,0.248345135582529,0.334132849481394,120,65.6742525584421,2.00180259977721E-08,5.79141985002436E-08,"120 nm, qc = 0.6 L/min",120 nm,qc = 0.6 L/min
0.40325799663747,0.088535601824403,0.239526383573542,0.200894387744051,0.278158379403033,140,71.4919378377703,2.00180259977721E-08,4.96407415716255E-08,"120 nm, qc = 0.6 L/min",120 nm,qc = 0.6 L/min
0.460866281864722,0.068726926083921,0.185935507522245,0.149999384761607,0.221871630282883,160,76.9923281102392,2.00180259977721E-08,4.34356488758012E-08,"120 nm, qc = 0.6 L/min",120 nm,qc = 0.6 L/min
0.518474567097693,0.055964716288516,0.151408312860339,0.123192245146457,0.179624380574222,180,82.2354168124156,2.00180259977721E-08,3.86094656673877E-08,"120 nm, qc = 0.6 L/min",120 nm,qc = 0.6 L/min
0.576082852331377,0.038886038693628,0.105203240593078,0.064864343599084,0.145542137587072,200,87.2647864123878,2.00180259977721E-08,3.47485191006123E-08,"120 nm, qc = 0.6 L/min",120 nm,qc = 0.6 L/min
0.633691137564181,0.023229794576934,0.062846454663571,0.044332034730674,0.081360874596469,220,92.1132632573536,2.00180259977721E-08,3.15895628187551E-08,"120 nm, qc = 0.6 L/min",120 nm,qc = 0.6 L/min
0.691299422806404,0.013045950490509,0.035294833681357,0.02346243898195,0.047127228380763,240,96.8062913871624,2.00180259977721E-08,2.89570992501437E-08,"120 nm, qc = 0.6 L/min",120 nm,qc = 0.6 L/min
0.748907708039791,0.005332056914016,0.014425477246494,0.007817816356319,0.021033138136669,260,101.364057847794,2.00180259977721E-08,2.67296300770728E-08,"120 nm, qc = 0.6 L/min",120 nm,qc = 0.6 L/min
0.806515993273858,0.006191106946104,0.016749572223596,0.009730294179059,0.023768850268134,280,105.802891429376,2.00180259977721E-08,2.48203707858461E-08,"120 nm, qc = 0.6 L/min",120 nm,qc = 0.6 L/min
0.864124278497546,0.001332070134614,0.003603815136913,0.000531356167834,0.006676274105992,300,110.136217003034,2.00180259977721E-08,2.31656794003953E-08,"120 nm, qc = 0.6 L/min",120 nm,qc = 0.6 L/min
0.921732563740555,0.000174337517434,0.00047165698557,-0.00047997026907,0.00142328424021,320,114.375226651183,2.00180259977721E-08,2.17178244376388E-08,"120 nm, qc = 0.6 L/min",120 nm,qc = 0.6 L/min
0,0.369627765023303,1,1,1,0,0,2.00180259977721E-08,0,"120 nm, qc = 0.6 L/min",120 nm,qc = 0.6 L/min
0.078753696641494,0.334032077219462,0.875905046895947,0.763541155259255,0.988268938532638,20,25.3954665999956,2.73657433194902E-08,3.47485191000821E-07,"100 nm, qc = 0.6 L/min",100 nm,qc = 0.6 L/min
0.137818969122507,0.266606829447136,0.699101324021188,0.607870692224121,0.790331955818255,35,33.9855046052314,2.73657433194902E-08,1.98562966286338E-07,"100 nm, qc = 0.6 L/min",100 nm,qc = 0.6 L/min
0.196884241603473,0.206342208003639,0.541074327000324,0.463646431364731,0.618502222635917,50,41.0067935359251,2.73657433194902E-08,1.38994076400513E-07,"100 nm, qc = 0.6 L/min",100 nm,qc = 0.6 L/min
0.255949514080375,0.166963420881828,0.437814548275617,0.373182530720315,0.502446565830918,65,47.1436301586772,2.73657433194902E-08,1.06918520309816E-07,"100 nm, qc = 0.6 L/min",100 nm,qc = 0.6 L/min
0.315014786565447,0.123371317721975,0.323506534864565,0.270588287301261,0.376424782427869,80,52.6941506584453,2.73657433194902E-08,8.68712977503511E-08,"100 nm, qc = 0.6 L/min",100 nm,qc = 0.6 L/min
0.374080059046357,0.113450455084585,0.297491866674652,0.248086086306738,0.346897647042566,95,57.820105386295,2.73657433194902E-08,7.3154777052949E-08,"100 nm, qc = 0.6 L/min",100 nm,qc = 0.6 L/min
0.433145331520918,0.076404746940324,0.200349930488467,0.164553501931223,0.236146359045711,110,62.6208490037203,2.73657433194902E-08,6.31791256375775E-08,"100 nm, qc = 0.6 L/min",100 nm,qc = 0.6 L/min
0.492210604001295,0.064366465094732,0.168782926767497,0.136052478211646,0.201513375323348,125,67.1625630069535,2.73657433194902E-08,5.55976305610398E-08,"100 nm, qc = 0.6 L/min",100 nm,qc = 0.6 L/min
0.551275876489573,0.049771138810157,0.130510794162241,0.103859871206819,0.157161717117663,140,71.4919378377703,2.73657433194902E-08,4.96407415716255E-08,"100 nm, qc = 0.6 L/min",100 nm,qc = 0.6 L/min
0.610341148961563,0.033252425836708,0.087195121661233,0.066684381858668,0.107705861463799,155,75.6433585958174,2.73657433194902E-08,4.48367988395513E-08,"100 nm, qc = 0.6 L/min",100 nm,qc = 0.6 L/min
0.669406421442052,0.03033499121391,0.079544971018908,0.057631074214618,0.101458867823198,170,79.6430076211539,2.73657433194902E-08,4.08806107066291E-08,"100 nm, qc = 0.6 L/min",100 nm,qc = 0.6 L/min
0.728471693921612,0.01065452127309,0.027938481337014,0.018017456122421,0.037859506551607,185,83.5113610161808,2.73657433194902E-08,3.75659665953128E-08,"100 nm, qc = 0.6 L/min",100 nm,qc = 0.6 L/min
0.787536966402922,0.007910596605828,0.020743311686351,0.012746292352937,0.028740331019765,200,87.2647864123878,2.73657433194902E-08,3.47485191006123E-08,"100 nm, qc = 0.6 L/min",100 nm,qc = 0.6 L/min
0.846602238894293,0.002038130115149,0.005344422215226,0.000779940642988,0.009908903787463,215,90.9166082563796,2.73657433194902E-08,3.23242038140973E-08,"100 nm, qc = 0.6 L/min",100 nm,qc = 0.6 L/min
0.905667511375521,0.000979398851739,0.00256819765426,-0.000108116895479,0.005244512203998,230,94.4778425897584,2.73657433194902E-08,3.02161035653441E-08,"100 nm, qc = 0.6 L/min",100 nm,qc = 0.6 L/min
0.964732783843194,0.006287792092941,0.016487963892225,0.008846522745388,0.024129405039062,245,97.9577185788179,2.73657433194902E-08,2.83661380413275E-08,"100 nm, qc = 0.6 L/min",100 nm,qc = 0.6 L/min
1.04348648048386,0.000615330520394,0.001613530990223,-0.000733227939836,0.003960289920281,265,102.484348128841,2.73657433194902E-08,2.62252974344246E-08,"100 nm, qc = 0.6 L/min",100 nm,qc = 0.6 L/min
0,0.381356493381575,1,1,1,0,0,2.73657433194902E-08,0,"100 nm, qc = 0.6 L/min",100 nm,qc = 0.6 L/min
0.03946897095037,0.273667917132832,1.00560511413664,0.891681502642104,1.11952872563117,16,25.2941623641861,1.38211998310773E-08,3.50178874652104E-07,"150 nm, qc = 0.5 L/min",150 nm,qc = 0.5 L/min
0.076471131216332,0.184887103361577,0.679376006607556,0.596604313515399,0.762147699699713,31,35.7046531021381,1.38211998310773E-08,1.80737483691435E-07,"150 nm, qc = 0.5 L/min",150 nm,qc = 0.5 L/min
0.123340534219849,0.195464461133042,0.71824298517222,0.632927895154906,0.803558075189533,50,45.9776069770844,1.38211998310773E-08,1.12057239888726E-07,"150 nm, qc = 0.5 L/min",150 nm,qc = 0.5 L/min
0.180077179960856,0.152482605945513,0.560304218200568,0.490792140155631,0.629816296245506,73,56.336360537645,1.38211998310773E-08,7.6751534170413E-08,"150 nm, qc = 0.5 L/min",150 nm,qc = 0.5 L/min
0.244214257755106,0.112334290492834,0.412777420882969,0.35612182511238,0.469433016653557,99,66.5101161257608,1.38211998310773E-08,5.6594565600412E-08,"150 nm, qc = 0.5 L/min",150 nm,qc = 0.5 L/min
0.315751767597708,0.103733949566077,0.381175079951395,0.328094333551264,0.434255826351526,128,76.6617891934782,1.38211998310773E-08,4.37723593322415E-08,"150 nm, qc = 0.5 L/min",150 nm,qc = 0.5 L/min
0.397156520182112,0.064045793918746,0.23533916060892,0.197306085057664,0.273372236160175,161,87.1912284999836,1.38211998310773E-08,3.4800385059119E-08,"150 nm, qc = 0.5 L/min",150 nm,qc = 0.5 L/min
0.483494894134209,0.050922168188337,0.187115805497442,0.156798941405301,0.217432669589584,196,97.5246919189147,1.38211998310773E-08,2.8586030584308E-08,"150 nm, qc = 0.5 L/min",150 nm,qc = 0.5 L/min
0.574766889456652,0.020841837590439,0.076584272970434,0.057702605498589,0.095465940442278,233,107.767315100803,1.38211998310773E-08,2.40466180022008E-08,"150 nm, qc = 0.5 L/min",150 nm,qc = 0.5 L/min
0.621636292459389,0.031241066296603,0.114796708244384,0.089774415066959,0.139819001421809,252,112.812276731468,1.38211998310773E-08,2.22335793433106E-08,"150 nm, qc = 0.5 L/min",150 nm,qc = 0.5 L/min
0.934921249382702,0.000282485875706,0.001038007100933,-0.001054793651989,0.003130807853855,379,143.947239371854,1.38211998310773E-08,1.47832770302343E-08,"150 nm, qc = 0.5 L/min",150 nm,qc = 0.5 L/min
0,0.272142527206407,1,1,1,0,0,1.38211998310773E-08,0,"150 nm, qc = 0.5 L/min",150 nm,qc = 0.5 L/min
0.025842859133093,0.82635711628249,0.912917112428124,0.826858862503853,0.998975362352394,5,7.59321129591214,9.57867823150896E-08,3.70650870407876E-06,"50 nm, qc = 1 L/min",50 nm,qc = 1 L/min
0.051685718267185,0.860687190775704,0.950843224345424,0.859979417325029,1.04170703136582,10,10.7839466834669,9.57867823150896E-08,1.85325435200354E-06,"50 nm, qc = 1 L/min",50 nm,qc = 1 L/min
0.077528577399289,0.845836592345207,0.934437042115168,0.846434084692535,1.0224399995378,15,13.2509798508914,9.57867823150896E-08,1.23550290135943E-06,"50 nm, qc = 1 L/min",50 nm,qc = 1 L/min
0.103371436534341,0.743830312969925,0.821745717526896,0.738871640949372,0.90461979410442,20,15.343638135946,9.57867823150896E-08,9.2662717600203E-07,"50 nm, qc = 1 L/min",50 nm,qc = 1 L/min
0.129214295667903,0.677011791997791,0.747928030209073,0.667928730271258,0.827927330146887,25,17.1972011206729,9.57867823150896E-08,7.4130174080176E-07,"50 nm, qc = 1 L/min",50 nm,qc = 1 L/min
0.15505715479863,0.626730805454828,0.692380165804711,0.616460420289475,0.768299911319946,30,18.8810339774549,9.57867823150896E-08,6.17751450679502E-07,"50 nm, qc = 1 L/min",50 nm,qc = 1 L/min
0.180900013935029,0.549168047365295,0.606692794386406,0.541497961200883,0.671887627571928,35,20.4363343759475,9.57867823150896E-08,5.29501243429932E-07,"50 nm, qc = 1 L/min",50 nm,qc = 1 L/min
0.206742873068572,0.465321292436487,0.51406318439354,0.458827681362733,0.569298687424348,40,21.8899394359127,9.57867823150896E-08,4.63313588001262E-07,"50 nm, qc = 1 L/min",50 nm,qc = 1 L/min
0.232585732202242,0.462576892965475,0.511031312106052,0.45383369281497,0.568228931397133,45,23.2604865261761,9.57867823150896E-08,4.11834300445392E-07,"50 nm, qc = 1 L/min",50 nm,qc = 1 L/min
0.25842859133108,0.373291577547468,0.412393458413537,0.365624390745357,0.459162526081717,50,24.5615426737916,9.57867823150896E-08,3.70650870407657E-07,"50 nm, qc = 1 L/min",50 nm,qc = 1 L/min
0.284271450464289,0.369875389899699,0.408619428879014,0.365082878870215,0.452155978887812,55,25.8033478348725,9.57867823150896E-08,3.36955336734114E-07,"50 nm, qc = 1 L/min",50 nm,qc = 1 L/min
0.310114309602946,0.319244134121882,0.352684604923926,0.314665421547616,0.390703788300236,60,26.9938558432839,9.57867823150896E-08,3.08875725334087E-07,"50 nm, qc = 1 L/min",50 nm,qc = 1 L/min
0.33595716873644,0.279070170408556,0.308302462838731,0.272851541669281,0.343753384008181,65,28.1393906997537,9.57867823150896E-08,2.85116054154614E-07,"50 nm, qc = 1 L/min",50 nm,qc = 1 L/min
0.387642887003477,0.215733164914153,0.238330975903501,0.210810359844636,0.265851591962366,75,30.3151443971239,9.57867823150896E-08,2.47100580267401E-07,"50 nm, qc = 1 L/min",50 nm,qc = 1 L/min
0.413485746129718,0.207860252076359,0.229633384132753,0.201878073998292,0.257388694267214,80,31.3531168028668,9.57867823150896E-08,2.31656794004792E-07,"50 nm, qc = 1 L/min",50 nm,qc = 1 L/min
0.465171464396035,0.149534783247,0.165198386798607,0.143949021236448,0.186447752360766,90,33.3442880328246,9.57867823150896E-08,2.05917150226436E-07,"50 nm, qc = 1 L/min",50 nm,qc = 1 L/min
0.516857182671184,0.119796927246099,0.132345523193733,0.114292848034312,0.150398198353155,100,35.2377470663081,9.57867823150896E-08,1.85325435200593E-07,"50 nm, qc = 1 L/min",50 nm,qc = 1 L/min
0.568542900938631,0.088875690110812,0.098185320586364,0.083815175689878,0.112555465482849,110,37.0479482129044,9.57867823150896E-08,1.68477668364078E-07,"50 nm, qc = 1 L/min",50 nm,qc = 1 L/min
0.620228619194997,0.060567256151919,0.066911609405203,0.05594736104452,0.077875857765886,120,38.7861165296249,9.57867823150896E-08,1.54437862669756E-07,"50 nm, qc = 1 L/min",50 nm,qc = 1 L/min
0.671914337461441,0.039639763192214,0.043791984648923,0.036062833950554,0.051521135347291,130,40.4611751373157,9.57867823150896E-08,1.42558027079734E-07,"50 nm, qc = 1 L/min",50 nm,qc = 1 L/min
0.723600055739286,0.029097109193686,0.03214499927659,0.025120654606684,0.039169343946496,140,42.0803559677809,9.57867823150896E-08,1.32375310857634E-07,"50 nm, qc = 1 L/min",50 nm,qc = 1 L/min
0.826971492273689,0.00769382860353,0.008499748660542,0.005441357922995,0.011558139398088,160,45.1739346392716,9.57867823150896E-08,1.15828397000399E-07,"50 nm, qc = 1 L/min",50 nm,qc = 1 L/min
0.930342928792718,0.004522603684027,0.004996341429784,0.002845169963617,0.007147512895951,180,48.1039623454829,9.57867823150896E-08,1.02958575113146E-07,"50 nm, qc = 1 L/min",50 nm,qc = 1 L/min
1.03371436534207,0.003519689116192,0.003888372667563,0.00193596124837,0.005840784086755,200,50.8974366604709,9.57867823150896E-08,9.26627176003232E-08,"50 nm, qc = 1 L/min",50 nm,qc = 1 L/min
1.39551439321121,0.003138177414395,0.003466898035954,0.001623431210487,0.005310364861421,270,59.8555795042614,9.57867823150896E-08,6.86390500743422E-08,"50 nm, qc = 1 L/min",50 nm,qc = 1 L/min
0,0.905183071970898,1,1,1,0,0,9.57867823150896E-08,0,"50 nm, qc = 1 L/min",50 nm,qc = 1 L/min
